product_name,users,orders,total_items,reorder_rate
Organic Fat-Free Milk,302,1692,1692,0.8215130023640662
Vitamin D Organic Milk,251,1346,1346,0.8135215453194651
Organic Low Fat Milk,709,3432,3432,0.7934149184149184
Organic 2% Reduced Fat Milk,1648,7036,7036,0.7657760090960773
Large Grade AA Organic Eggs,221,904,904,0.7555309734513275
Organic Coconut Water,589,2378,2378,0.7523128679562657
Organic 2% Milk,155,617,617,0.7487844408427877
Organic 1% Milk,353,1382,1382,0.7445730824891461
Organic 1% Low Fat Milk,716,2612,2612,0.7258805513016845
Enlighten Mint Organic,145,518,518,0.7200772200772201
Unsweetened Organic Soy Milk,180,642,642,0.719626168224299
100% Lactose Free Organic 2% Reduced Fat Milk,183,646,646,0.7167182662538699
Organic Fat Free Milk,1541,5202,5202,0.7037677816224529
Organic Skim Milk,320,1068,1068,0.700374531835206
"Organic Milk Reduced Fat, 2% Milkfat",643,2145,2145,0.7002331002331003
Vitamin D Organic Whole Milk,862,2874,2874,0.7000695894224078
Organic Whole Milk with DHA Omega-3,781,2581,2581,0.6974041069352964
Organic Half & Half,5610,18418,18418,0.6954066673905962
Bag of Organic Bananas,23396,74988,74988,0.6880034138795541
Organic 2% Chocolate Milk,393,1237,1237,0.6822958771220695
Organic Lactose Free Whole Milk,396,1244,1244,0.6816720257234726
Organic Peach Oo La Long Tea,269,827,827,0.6747279322853688
Organic Baby Lettuces,367,1113,1113,0.6702605570530099
Organic Pack Peasant Bread,257,776,776,0.6688144329896907
2% Reduced Fat Organic Milk,1298,3821,3821,0.6602983512169589
"Milk, Organic, Vitamin D",851,2505,2505,0.6602794411177645
Organic Reduced Fat 2% Milk,3055,8955,8955,0.6588498045784478
Organic Simply Naked Pita Chips,1340,3902,3902,0.6565863659661711
Organic Skim Milk with DHA Omega-3,323,936,936,0.6549145299145299
0% Fat Free Organic Milk,311,884,884,0.6481900452488688
Organic Iced Green Tea,327,922,922,0.6453362255965293
Organic Lowfat 1% Milk,822,2305,2305,0.6433839479392625
Organic Whole Milk,8039,22428,22428,0.6415641162832174
Organic Reduced Fat Milk,1842,5081,5081,0.6374729383979532
Organic Multigrain Bread,458,1247,1247,0.6327185244587009
Organic Lactose Free 1% Lowfat Milk,433,1177,1177,0.6321155480033984
Organic String Cheese,442,1201,1201,0.6319733555370525
Enlightened Organic Raw Kombucha,470,1277,1277,0.6319498825371965
Organic Lemon Cayenne Sparkling Probiotic Drink,312,844,844,0.6303317535545023
Organic Whole Milk Strawberry Beet Berry Yogurt Pouch,355,960,960,0.6302083333333334
Organic Chocolate 1% Milk with DHA Omega-3,239,640,640,0.6265625
Organic Raw Kombucha Gingerade,1583,4212,4212,0.6241690408357075
Organic Mango Slices,219,582,582,0.6237113402061856
Organic Milk,1593,4210,4210,0.6216152019002376
Organic Reduced Fat Omega-3 Milk,242,638,638,0.6206896551724138
Organic Fuji Apple,7797,20545,20545,0.6204916037965442
Organic Strawberry Smoothie,770,2017,2017,0.6182449181953397
Whole Organic Omega 3 Milk,339,888,888,0.6182432432432432
Organic Vanilla Soymilk,468,1216,1216,0.6151315789473685
Organic Sticks Low Moisture Part Skim Mozzarella String Cheese,3043,7817,7817,0.6107202251503134
Organic Avocado,15643,40162,40162,0.6105024650166825
Grade A Organic Large Brown Eggs,332,843,843,0.6061684460260973
Organic Love Crunch Granola Dark Chocolate & Red Berries,346,877,877,0.6054732041049031
Organic Unsweetened Vanilla Almond Milk,990,2499,2499,0.6038415366146459
Organic Large Brown Grade AA Cage Free Eggs,2351,5930,5930,0.6035413153456999
Guava Goddess Organic Kambucha,305,765,765,0.6013071895424836
Organic Raw Multigreen Kobmbucha,568,1408,1408,0.5965909090909091
Yotoddler Organic Pear Spinach Mango Yogurt,326,802,802,0.5935162094763092
Organic Tortilla Chips,2024,4957,4957,0.5916885212830341
Organic Low Fat Chocolate Milk,479,1172,1172,0.591296928327645
Organic  Whole Milk,430,1047,1047,0.5893027698185291
Organic Large Grade A Brown Eggs,1130,2747,2747,0.5886421550782672
Organic Original Almond Milk,600,1452,1452,0.5867768595041323
Organic Good Seed Bread,1144,2755,2755,0.5847549909255898
"Kombucha, Organic Raw, Citrus",406,973,973,0.5827338129496403
Organic Animal Crackers,456,1090,1090,0.581651376146789
Organic Guacamole,509,1213,1213,0.5803792250618302
Pineapple Apple Mint Organic Cold Pressed Juicd,241,573,573,0.5794066317626527
Organic Raspberries,9956,23580,23580,0.5777777777777777
Organic Bagged Mini Dark Peanut Butter,433,1022,1022,0.576320939334638
Organic Baby Spinach,20614,48512,48512,0.5750742084432717
Organic Strawana Probugs Kefir,369,867,867,0.5743944636678201
Synergy Organic Kombucha Gingerberry,789,1845,1845,0.5723577235772358
Organic Boneless Skinless Chicken Breast,1156,2698,2698,0.5715344699777613
YoKids Squeeze! Organic Strawberry Flavor Yogurt,380,883,883,0.5696489241223103
Organic Honey Sweet Whole Wheat Bread,634,1467,1467,0.5678254942058623
Organic YoBaby Vanilla Yogurt,427,984,984,0.5660569105691057
Organic Bread with 21 Whole Grains,2146,4930,4930,0.5647058823529412
Organic Whole Grassmilk Milk,889,2041,2041,0.5644292013718766
Organic Apple Slices,702,1611,1611,0.5642458100558659
Organic Fuji Apples,810,1852,1852,0.562634989200864
Organic Whole String Cheese,4070,9298,9298,0.5622714562271456
Organic Eggs Large,353,805,805,0.5614906832298137
Organic Lowfat Plain Yogurt,369,838,838,0.5596658711217184
Organic Lemonade,1015,2300,2300,0.558695652173913
Organic & Raw Strawberry Serenity Kombucha,570,1291,1291,0.5584817970565453
Organic Lowfat Yogurt Banana Vanilla,351,794,794,0.5579345088161209
Organic Lowfat Milk,407,919,919,0.5571273122959739
Organic Hass Avocado,14037,31680,31680,0.5569128787878788
Sea Salt Made With Organic Grain Rice Chips,418,943,943,0.5567338282078473
Organic Large Grade AA Brown Eggs,1910,4307,4307,0.5565358718365452
Gluten-Free Red Hot Blues Made with Organic Blue  Corn Tortilla Chips,480,1077,1077,0.5543175487465181
Organic YoKids Very Berry Smoothies,486,1089,1089,0.5537190082644629
Organic Large Extra Fancy Fuji Apple,5271,11777,11777,0.5524327078203277
Organic Spring Mix,3629,8103,8103,0.5521411822781686
Organic Crimini Mushrooms,667,1486,1486,0.5511440107671601
Organic YoKids Smoothie Strawberry Banana Lowfat Yogurt,515,1146,1146,0.5506108202443281
Organic Medium Brown Eggs,270,600,600,0.55
Organic Strawberries,20441,45417,45417,0.5499262390734747
Organic Bagged Mini Milk Peanut Butter,303,673,673,0.549777117384844
Goodness Grapeness Organic Juice Drink,525,1164,1164,0.5489690721649485
Organic Strawberry Banana Fruit Yogurt Smoothie,267,591,591,0.5482233502538071
Organic Yokids Lemonade/Blueberry Variety Pack Yogurt Squeezers Tubes,405,896,896,0.5479910714285714
Organic Raspberry Lowfat Yogurt,455,1006,1006,0.547713717693837
Organic Gluten Free Non-Dairy Beans & Rice Burrito,539,1189,1189,0.5466778805719091
Organic Dark Chocolate Peanut Butter Cups,1173,2582,2582,0.54570100697134
Organic Green Butter Lettuce,363,799,799,0.5456821026282853
Organic Unsweetened Almond Milk,4576,10012,10012,0.542948461845785
Sprouted Organic Cinnamon Raisin English Muffins,348,760,760,0.5421052631578948
Synergy Organic & Raw Cosmic Cranberry,521,1137,1137,0.5417766051011433
Organic Variety Pack,692,1510,1510,0.5417218543046357
Organic Plain Yogurt,285,621,621,0.5410628019323671
Organic Greek Whole Milk Blended Vanilla Bean Yogurt,637,1386,1386,0.5404040404040404
Organic Australian Style Vanilla Lowfat Yogurt,359,781,781,0.5403329065300896
Organic Extra Large Brown Omega 3 Eggs,327,711,711,0.540084388185654
Organic Chocolate Almondmilk Pudding,318,691,691,0.5397973950795948
Organic Baby Spinach Salad,1760,3807,3807,0.5376937220908852
"YoKids Squeezers Organic Low-Fat Yogurt, Strawberry",1565,3375,3375,0.5362962962962963
Yobaby Organic Plain Yogurt,361,777,777,0.5353925353925354
Organic Gluten Free Chia Plus with Quinoa & Amaranth Waffles,295,633,633,0.5339652448657188
Organic Beans & Rice Cheddar Cheese Burrito,931,1993,1993,0.532865027596588
Organic Large Brown Eggs,1053,2247,2247,0.5313751668891856
Organic Peach Lowfat Yogurt,346,736,736,0.529891304347826
Organic Vanilla Almond Milk,859,1824,1824,0.5290570175438597
Organic Whole Milk French Vanilla Yogurt,391,830,830,0.5289156626506024
Organic Z  Mixed Berry Fruit Rope,242,513,513,0.5282651072124757
Beet Apple Carrot Lemon Ginger Organic Cold Pressed Juice Beverage,418,886,886,0.5282167042889391
Organic Cheese Frozen Pizza,1274,2696,2696,0.5274480712166172
Organic Hummus,265,560,560,0.5267857142857143
Organic Large Grade AA Omega-3 Eggs,745,1572,1572,0.5260814249363868
Organic Blackberries,6406,13493,13493,0.525235307196324
Organic Lemon Lowfat Yogurt,327,687,687,0.5240174672489083
Organic Egg Whites,1906,3989,3989,0.5221860115317122
ZBar Organic Chocolate Brownie Energy Snack,604,1264,1264,0.5221518987341772
Organic Gala Apples,5717,11959,11959,0.5219499958190484
Organic Low Fat Cottage Cheese,326,681,681,0.5212922173274597
Kids Organic Chocolate Chip ZBars,957,1999,1999,0.5212606303151576
Organic Avocados Hass Variety,390,814,814,0.5208845208845209
Made With Organic Beans & Rice Burrito Non-Dairy,350,730,730,0.5205479452054794
Organic American Cheese Singles,1670,3476,3476,0.5195627157652474
Organic Carrots Baby Peeled Prepacked,283,589,589,0.5195246179966044
Organic Quinoa Dark Chocolate Bar,281,583,583,0.5180102915951973
Organic Sea Salt Potato Chips,377,781,781,0.5172855313700384
Large Organic Omega3 Brown Eggs,753,1558,1558,0.5166880616174583
Organic Large Grade A Eggs,494,1018,1018,0.5147347740667977
Organic Mexican Blend Finely Shredded Cheese,2108,4338,4338,0.5140617796219455
Organic White Cheddar Popcorn,785,1615,1615,0.5139318885448917
Organic Greek Fat Free Plain Yogurt,273,561,561,0.5133689839572193
Organic Blueberries Clamshell,399,819,819,0.5128205128205128
Organic 21 Grain Thin Sliced Bread,1242,2549,2549,0.5127500980776776
Organic Orange Juice,595,1213,1213,0.5094806265457543
Organic Milk Chocolate Peanut Butter Cups,608,1237,1237,0.5084882780921585
Organic 4% Milk Fat Whole Milk Cottage Cheese,312,633,633,0.5071090047393365
Organic Baby Arugula,7363,14930,14930,0.5068318821165438
Strawberry Flavored Organic Z Fruit Rope,320,647,647,0.5054095826893354
Organic Fresh Squeezed Orange Juice,561,1133,1133,0.5048543689320388
Organic Granny Smith Apple,5174,10426,10426,0.5037406483790524
Organic Blueberries,11709,23516,23516,0.5020836877019902
Organic Summer Strawberry Bunny Fruit Snacks,1499,3008,3008,0.5016622340425532
Organic Promise Autumn Wheat Cereal,382,766,766,0.5013054830287206
Organic Orange Fruit Juice,411,824,824,0.5012135922330098
Organic Grade A Free Range Large Brown Eggs,4030,8056,8056,0.4997517378351539
Organic Grade A Large Brown Eggs,2652,5300,5300,0.499622641509434
Organic Apple Juice,1148,2289,2289,0.4984709480122324
Organic Extra Large Grade AA Brown Eggs,1324,2638,2638,0.4981046247156937
Apple Honeycrisp Organic,6533,12999,12999,0.49742287868297563
Organic Plain Whole Milk Yogurt,935,1860,1860,0.49731182795698925
Organic Soft Wheat Bread,453,900,900,0.49666666666666665
Heart to Heart Organic Oat Flakes & Blueberry Clusters Cereal,311,617,617,0.4959481361426256
Organic Stringles Mozzarella String Cheese,839,1663,1663,0.4954900781719784
Organic Red Delicious Apple,1228,2433,2433,0.4952733251130292
Organic Lowfat French Vanilla Yogurt,473,934,934,0.493576017130621
Flax Plus Organic Pumpkin Flax Granola,620,1224,1224,0.4934640522875817
Organic Banana,2893,5694,5694,0.49192132068844396
Organic Greek Nonfat Yogurt With Mixed Berries,741,1457,1457,0.4914207275223061
Michigan Organic Kale,6808,13352,13352,0.49011384062312763
Organic Peeled Whole Baby Carrots,6637,13014,13014,0.4900107576456124
Organic White English Muffins,458,897,897,0.48940914158305465
Organic Flax Plus Multibran Flakes,285,558,558,0.489247311827957
Frozen Organic Mango Chunks,318,622,622,0.4887459807073955
Organic Coconut Chia Granola,272,532,532,0.48872180451127817
Organic Extra Firm Tofu,3206,6265,6265,0.488268156424581
Organic Small Curd Cottage Cheese,870,1699,1699,0.48793407886992346
Organic Golden Delicious Apple,909,1770,1770,0.4864406779661017
Organic AppleApple,1265,2462,2462,0.4861900893582453
Organic Baby Carrots,9142,17779,17779,0.4857978513977164
Organic Cripps Pink Apples,1556,3023,3023,0.48527952365200133
Strawberry Organic Kefir,297,577,577,0.4852686308492201
Organic Hemp Plus Granola Cereal,298,578,578,0.4844290657439446
Holler Mountain Organic Coffee,288,558,558,0.4838709677419355
Organic Gluten Free Buckwheat Wildberry Waffles,392,757,757,0.4821664464993395
Organic Kiwi,4144,7986,7986,0.48109191084397696
Restaurant Style Organic Chia & Quinoa Tortilla Chips,367,707,707,0.4809052333804809
Organic Greek Whole Milk Blended Strawberry Yogurt,277,533,533,0.4803001876172608
Organic Romaine Leaf,763,1466,1466,0.4795361527967258
Organic Promise Strawberry Fields Cereal,375,720,720,0.4791666666666667
Organic Jasmine Rice,653,1252,1252,0.4784345047923323
Organic Fresh Carrot Chips,400,765,765,0.477124183006536
Oh My Yog! Organic Wild Quebec Blueberry Cream Top Yogurt & Fruit,344,656,656,0.47560975609756095
Organic Bunny Fruit Snacks Berry Patch,1612,3067,3067,0.47440495598304533
Organic Extra Large Brown Eggs,1014,1929,1929,0.47433903576982894
Organic Plain Greek Whole Milk Yogurt,829,1576,1576,0.4739847715736041
Organic Apple Banana GoGo Squeez,351,666,666,0.47297297297297297
Frozen Organic Blueberries,1048,1986,1986,0.47230614300100704
Gluten Free & Dairy Free Thai Red Curry With Organic Jasmin Rice & Vegetables,276,523,523,0.4722753346080306
Organic Zucchini,10004,18943,18943,0.4718893522673283
Good Seed Organic Thin Sliced Bread,522,988,988,0.4716599190283401
Organic Mushroom & Olive Pizza,470,888,888,0.47072072072072074
Organic California Style Sprouted Bread,457,863,863,0.4704519119351101
Organic Mini Sandwich Crackers Cheddar Cheese,324,610,610,0.46885245901639344
Organic Greek Plain Nonfat Yogurt,667,1255,1255,0.4685258964143426
Organic Nonfat Greek Yogurt With Raspberries,303,570,570,0.46842105263157896
Organic Homestyle Mini Waffles,465,874,874,0.4679633867276888
Organic Roasted Turkey Breast,2964,5568,5568,0.4676724137931034
Organic Quinoa & Brown Rice With Garlic,549,1031,1031,0.46750727449078566
Organic Raisins,303,569,569,0.46748681898066785
Organic Chicken Strips,1051,1969,1969,0.4662265109192483
Organic SprouTofu Savory Baked Tofu,339,635,635,0.46614173228346456
Organic Broccoli,3599,6738,6738,0.46586524191154643
Organic Triple Berry Blend,297,556,556,0.4658273381294964
Organic Ezekiel 4:9 Sesame Bread,661,1237,1237,0.465642683912692
Organic All Natural Blueberry Mini Waffles,360,671,671,0.46348733233979134
Bunny-Luv Organic Carrots,722,1343,1343,0.462397617274758
Organic Plain Kefir,460,854,854,0.4613583138173302
Organic Lacinato (Dinosaur) Kale,3802,7058,7058,0.46132048739019554
Organic Green Beans,1026,1903,1903,0.46085128744088283
Organic White Bread Done Right,286,530,530,0.46037735849056605
Organic Sea Salt Roasted Seaweed Snacks,1098,2032,2032,0.4596456692913386
Organic Strawberry Lemonade,359,664,664,0.45933734939759036
Organic Mini Sandwich Crackers Peanut Butter,517,953,953,0.45750262329485836
Organic Italian Salad,1329,2449,2449,0.4573295222539812
Yo Baby Organic Whole Milk Banana Mango Yogurt,349,643,643,0.4572317262830482
Organic Whole Wheat Bread,1012,1863,1863,0.4567901234567901
Organic Muenster Cheese Slices,742,1364,1364,0.4560117302052786
Organic Lightly Salted Brown Rice Cakes,1110,2038,2038,0.4553483807654563
Organic Cottage Cheese,747,1371,1371,0.4551422319474836
Organic Vanilla Chip Chewy Granola,346,634,634,0.45425867507886436
Organic Whole Grain Wheat English Muffins,1264,2316,2316,0.4542314335060449
"Organic Pears, Peas and Broccoli Puree Stage 1",344,629,629,0.45310015898251194
Organic Cinnamon Harvest Cereal,551,1005,1005,0.45174129353233833
Organic Bunny Fruit Tropical Treat Fruit Snacks,607,1104,1104,0.45018115942028986
Organic Lightly Salted Sea Salt Thin & Crispy Restaurant Style Tortilla Chips,503,914,914,0.449671772428884
Organic Sprouted Wheat Bagels,346,628,628,0.44904458598726116
Organic D'Anjou Pears,4080,7399,7399,0.44857413163941073
Organic Sprouted English Muffin,721,1307,1307,0.4483550114766641
Organic Kale Greens,815,1475,1475,0.44745762711864406
Organic Lemon,8148,14735,14735,0.4470308788598575
Organic Mixed Berry Yogurt & Fruit Snack,464,839,839,0.4469606674612634
Organic Stage 3 Pear Carrot Apricot Baby Food,284,513,513,0.44639376218323584
Organic Deep Dark Sea Salt Chocolate,552,997,997,0.4463390170511535
Organic Zucchini Spirals,576,1038,1038,0.44508670520231214
Organic Roasted Sliced Chicken Breast,1500,2702,2702,0.4448556624722428
Organic Navel Orange,4227,7613,7613,0.44476553264153423
Organic Baby Kale,1977,3559,3559,0.44450688395616744
Organic Blueberry Waffles,864,1555,1555,0.44437299035369776
Air Chilled Organic Boneless Skinless Chicken Breasts,1605,2887,2887,0.44405957741600277
Ezekiel 4:9 Bread Organic Sprouted Whole Grain,2207,3960,3960,0.44267676767676767
Organic Finely Shredded Cheddar Cheese,416,746,746,0.44235924932975873
Organic Grape Tomatoes,9050,16217,16217,0.44194363939076275
Organic SprouTofu Extra Firm Tofu,422,756,756,0.4417989417989418
Organic Stoneground Wheat Crackers,494,883,883,0.4405436013590034
Organic Cucumber,7659,13672,13672,0.43980397893504974
Organic SprouTofu Teriyaki Tofu Cutlets,356,635,635,0.4393700787401575
Organic Greek Plain Lowfat Yogurt,334,595,595,0.43865546218487395
Organic Baby Romaine Lettuce,528,940,940,0.43829787234042555
Organic Lentil Soup,582,1035,1035,0.43768115942028984
Organic Nonfat Greek Yogurt With Peaches,687,1221,1221,0.43734643734643736
"Organic Gala Apples, Bag",466,828,828,0.43719806763285024
Organic Fancy Shredded Mozzarella Cheese,758,1344,1344,0.43601190476190477
Organic Tomato Cluster,6503,11519,11519,0.43545446653355324
"Coconut Water, Pure Organic",292,517,517,0.43520309477756286
Berry Berry Good Lemonade Organic Juice Drink,531,940,940,0.4351063829787234
Organic Super Fruit Punch Juice Drink,696,1226,1226,0.43230016313213704
Organic Yellow Onion,10653,18742,18742,0.431597481592146
Organic Wheat-Free & Gluten-Free Original Crackers,946,1662,1662,0.43080625752105894
Organic Chicken Pot Pie,556,976,976,0.430327868852459
Organic Snipped Green Beans,1553,2722,2722,0.4294636296840558
Organic Bartlett Pear,2556,4479,4479,0.4293369055592766
Organic Broccoli Florets,3300,5761,5761,0.42718278076722793
Organic Multigrain Waffles,953,1662,1662,0.4265944645006017
Organic Green Leaf Lettuce,1538,2675,2675,0.4250467289719626
Organic Ezekiel 49 Bread Cinnamon Raisin,624,1085,1085,0.4248847926267281
Organic Original Acai Berry + Guarana Smoothie Packs,443,770,770,0.42467532467532465
Organic Chocolate Chip Chewy Granola Bars,690,1199,1199,0.4245204336947456
Organic Blue Corn Tortilla Chips,1821,3164,3164,0.4244627054361568
Organic Brown Rice Cake Salt-Free,606,1052,1052,0.42395437262357416
Organic Greek Lowfat Yogurt With Strawberries,685,1189,1189,0.4238856181665265
Organic Fat Free Cottage Cheese,359,623,623,0.42375601926163725
Organic Romaine,2788,4826,4826,0.4222958972233734
Organic SprouTofu Super Firm Tofu,369,638,638,0.4216300940438871
Organic Bosc Pear,1748,3022,3022,0.42157511581733953
Organic Red Bell Pepper,5540,9572,9572,0.4212285833681571
Organic Stage 4 Spinach Mango & Pear Baby Food,378,653,653,0.4211332312404288
Organic Baby Rainbow Carrots,2335,4026,4026,0.42001987083954295
Organic Red Chard Greens,1182,2036,2036,0.4194499017681729
Organic Homestyle Waffles,919,1581,1581,0.4187223276407337
Organic Broccoli Crowns,1482,2549,2549,0.4185955276579051
Organic Apple Juice Boxes,471,809,809,0.4177997527812114
Organic Roma Tomato,2999,5150,5150,0.41766990291262135
"Whole Grain Organic Waffles, Totally Original",310,532,532,0.41729323308270677
Organic Greek Lowfat Yogurt With Cherries,376,644,644,0.4161490683229814
"Organic Red Radish, Bunch",2914,4989,4989,0.41591501302866307
Organic Uncured Sliced Black Forest Ham,1138,1945,1945,0.41491002570694085
Organic Spring Mix Salad,2694,4603,4603,0.4147295242233326
Organic Sweet Peas,383,654,654,0.41437308868501527
Organic Baby Broccoli,3076,5245,5245,0.41353670162059103
Organic Smoked Turkey Breast,764,1299,1299,0.41185527328714394
Organic Garlic,11211,19046,19046,0.4113724666596661
Organic Whole Cashews,1245,2113,2113,0.4107903454803597
Organic Original Hommus,1196,2026,2026,0.4096742349457058
Organic Hothouse Cucumbers,1999,3386,3386,0.40962787950383933
Organic Frosted Flakes Cereal,382,647,647,0.4095826893353941
Organic Ground Turkey,480,811,811,0.4081381011097411
Organic Turkey Bacon,1547,2613,2613,0.4079601990049751
Organics Spinach,445,751,751,0.40745672436750996
Dark with 70% Cacao Content Organic Chocolate Bar,635,1071,1071,0.40709617180205415
Organic Romaine Lettuce,3764,6348,6348,0.40705734089477
Organic Yams,2632,4437,4437,0.40680640072120805
Gogo Squeez Organic Apple Strawberry Applesauce on the Go,403,679,679,0.406480117820324
Organic Whipping Cream,893,1504,1504,0.40625
Organic Extra Virgin Olive Oil,2225,3743,3743,0.4055570398076409
Organic Yukon Select Fries,595,1000,1000,0.405
Organic 85% Cacao Dark Chocolate Bar,563,943,943,0.4029692470837752
Organic Cheddar Snack Mix,607,1015,1015,0.4019704433497537
Organic Bagged Carrots,1167,1951,1951,0.4018452075858534
Organic Romaine Hearts,2061,3444,3444,0.40156794425087106
Organic Salted Butter,1902,3178,3178,0.40151038388923854
Organic Golden Round Crackers,323,539,539,0.4007421150278293
Organic Baby Spring Mix,569,949,949,0.40042149631190727
Organic White Onions,2513,4176,4176,0.398227969348659
"Organic Snack Mix Bunnies Snack Mix, Organic",487,808,808,0.3972772277227723
Bag of Organic Lemons,360,597,597,0.3969849246231156
Organic Chicken Stock,1885,3125,3125,0.3968
Organic Sriracha Hummus,359,595,595,0.39663865546218485
Organic Red Onion,8060,13288,13288,0.3934376881396749
Organic Green Peas,611,1007,1007,0.3932472691161867
Organic Garnet Sweet Potato (Yam),5002,8238,8238,0.39281378975479486
Organic Cilantro,8233,13557,13557,0.3927122519731504
Organic Soy Tempeh,307,505,505,0.3920792079207921
Organic Bell Pepper,2496,4102,4102,0.3915163334958557
Organic Braeburn Apple,1038,1704,1704,0.3908450704225352
Organic Baby Bella Mushrooms,1021,1673,1673,0.38971906754333535
Organic Classic Rich Crackers,384,629,629,0.38950715421303655
Organic Genoa Salami,679,1111,1111,0.38883888388838883
Stage 1 Apples Sweet Potatoes Pumpkin & Blueberries Organic Pureed Baby Food,372,608,608,0.3881578947368421
Organic Whole Grain Oatmeal Cereal Baby Food,442,722,722,0.3878116343490305
Organic Shredded Mild Cheddar,579,944,944,0.3866525423728814
Organic Iceberg Lettuce,1749,2846,2846,0.3854532677442024
Organic Purple Kale,745,1212,1212,0.38531353135313534
Organic Chunky Tomato Bisque Soup,371,603,603,0.38474295190713104
Organic Green Onions,1344,2184,2184,0.38461538461538464
Organic Strawberry Yogurt & Fruit Snack,349,567,567,0.3844797178130511
Organic Whole Strawberries,3498,5678,5678,0.38393800634026065
Organic Roast Beef,559,907,907,0.3836824696802646
Organic Heavy Whipping Cream,2779,4505,4505,0.38312985571587127
Organic Greek Lowfat Yogurt With Blueberries,506,820,820,0.3829268292682927
Organic Carrot Bunch,4531,7340,7340,0.3826975476839237
Organic Mini Homestyle Waffles,363,588,588,0.3826530612244898
Organic Small Bunch Celery,7140,11555,11555,0.38208567719601905
Organic Beef Uncured Hot Dogs,1289,2082,2082,0.3808837656099904
Organic Whole White Mushrooms,721,1164,1164,0.3805841924398625
Organic Shredded Carrots,2145,3456,3456,0.3793402777777778
Frozen Organic Strawberries,655,1055,1055,0.3791469194312796
Organic Medium Salsa,2493,4008,4008,0.37799401197604793
Organic Lentil Vegetable Soup,658,1053,1053,0.37511870845204176
Organic Shells And White Cheddar,817,1304,1304,0.37346625766871167
Organic Whole Peeled Baby Carrots,374,596,596,0.3724832214765101
Organic Beef Hot Dogs,1578,2511,2511,0.3715651135005974
Organic Light in Sodium Lentil Vegetable Soup,422,670,670,0.3701492537313433
Organic Brown Rice,1822,2891,2891,0.36976824628156346
Organic Apple Sauce,348,552,552,0.3695652173913043
Organic Chicken & Apple Sausage,1200,1902,1902,0.36908517350157727
Bag of Organic Fuji Apples,702,1112,1112,0.368705035971223
Organic Cinnamon Apple Chips,345,545,545,0.3669724770642202
Organic Raisin Bran Cereal,415,654,654,0.3654434250764526
Organic Macaroni Shells & Real Aged Cheddar,1311,2063,2063,0.3645176926805623
Organic Avocados,506,796,796,0.36432160804020103
Organic Creamy Tomato Soup,995,1562,1562,0.36299615877080665
Organic Medium Chili,324,507,507,0.3609467455621302
Organic Rolled Oats,639,998,998,0.35971943887775554
Organic Hot Salsa,513,800,800,0.35875
Organic Russet Potato,3268,5096,5096,0.358712715855573
Organic Cinnamon Crunch Cereal,1217,1896,1896,0.3581223628691983
Organic Mixed Vegetables,1231,1917,1917,0.35785080855503393
Organic Whole Wheat Tortillas,341,531,531,0.3578154425612053
Organic White Corn & Wheat Tortillas,406,632,632,0.3575949367088608
Organic Black Beans,4633,7201,7201,0.3566171365088182
Organic Fuji Red Apple Chips,512,795,795,0.3559748427672956
Organic Sliced White Mushrooms,851,1321,1321,0.3557910673732021
Organic Cinnamon Apple Sauce,539,836,836,0.35526315789473684
Frozen Organic Wild Blueberries,3146,4879,4879,0.3551957368313179
Organic Air Chilled Whole Chicken,589,913,913,0.3548740416210296
Organic Green Seedless Grapes,1880,2910,2910,0.3539518900343643
Organic Roasted Red Pepper & Tomato Soup,503,777,777,0.35263835263835264
Organic Stage 4 Green Bean Pear & Pea Baby Food,332,512,512,0.3515625
Organic Sweet Mini Peppers,325,501,501,0.35129740518962077
Organic Multi Grain Squares Cereal,377,581,581,0.35111876075731496
Organic Garbanzo Beans,3865,5955,5955,0.3509655751469353
Organic Medjool Dates,1062,1636,1636,0.3508557457212714
Organic Mango Chunks,798,1228,1228,0.3501628664495114
Organic Dark Sweet Cherries,578,889,889,0.3498312710911136
Appley Ever After Organic Juice Drink,432,664,664,0.3493975903614458
Organic Italian Parsley Bunch,6710,10309,10309,0.34911242603550297
Organic Celery,540,829,829,0.3486127864897467
Organic Thompson Seedless Raisins,1031,1581,1581,0.3478810879190386
Organic Traditional Flour Tortillas,396,607,607,0.34761120263591433
Organic Wheat Square Crackers,887,1359,1359,0.34731420161883736
Organic Baby Kale Mix,1271,1947,1947,0.34720082177709294
Organic Living Butter Lettuce,459,702,702,0.34615384615384615
Organic Seasoned Yukon Select Potatoes Hashed Browns,669,1023,1023,0.3460410557184751
Organic Salted Individually Wrapped Quarters Butter,365,558,558,0.34587813620071683
Organic Yellow Squash,1228,1876,1876,0.34541577825159914
Organic Graham Crunch Cereal,438,667,667,0.34332833583208394
"Tortillas, Corn, Organic",643,978,978,0.3425357873210634
Organic Jalapeno Pepper,2405,3657,3657,0.3423571233251299
Organic Pitted Green Olives,367,557,557,0.34111310592459604
Organic Sour Cream,3270,4959,4959,0.34059286146400486
Organic Riced Cauliflower,1422,2154,2154,0.3398328690807799
Organic Spinach Bunch,1509,2283,2283,0.33902759526938236
Organic Cheddar Bunnies,396,599,599,0.33889816360601
Organic Low Fat Vegetable Barley Soup,476,719,719,0.3379694019471488
Organic Frozen Mango Chunks,1163,1754,1754,0.3369441277080958
Organic Sunday Bacon,1206,1817,1817,0.33626857457347276
Organic Whipped Naturally Buttery Spread,1738,2617,2617,0.3358807795185327
Organic Raw Sharp Cheddar Cheese,453,682,682,0.3357771260997067
Organic Red Grapes,879,1323,1323,0.3356009070294785
Organic Yellow Peaches,1649,2477,2477,0.33427533306419055
Organic Turkey Hot Dogs,372,558,558,0.3333333333333333
Organic Lentil Beans,450,675,675,0.3333333333333333
Gluten-Free Supergrain Pasta Organic Corn & Quinoa Blend Penne,391,585,585,0.3316239316239316
Organic Rainbow Chard Vegetable,848,1264,1264,0.3291139240506329
Organic Pumpkin,605,900,900,0.3277777777777778
Organic Whole Crimini Mushrooms,813,1208,1208,0.3269867549668874
Organic Mango,1207,1787,1787,0.3245663122551763
Organic Nectarine,859,1270,1270,0.3236220472440945
Organic Shredded Mozzarella,1733,2560,2560,0.323046875
Organic Cauliflower,1708,2520,2520,0.32222222222222224
Organic Red On the Vine Tomato,1537,2265,2265,0.32141280353200885
Organic Tomato Basil Pasta Sauce,2501,3683,3683,0.3209340211783872
Organic Creamy Peanut Butter,2261,3321,3321,0.31918096958747366
Organic Sliced Crimini Mushrooms,696,1021,1021,0.31831537708129287
Organic Peeled & Cooked Beets,736,1077,1077,0.3166202414113278
Organic Edamame,1093,1599,1599,0.316447779862414
Organic Whole Wheat Penne Rigate,744,1087,1087,0.3155473781048758
Organic Black Mission Figs,354,516,516,0.313953488372093
Organic Refried Black Beans,667,972,972,0.31378600823045266
Organic Penne Rigate,904,1317,1317,0.31359149582384205
Organic Frozen Peas,2135,3107,3107,0.3128419697457354
Organic Quick Oats,1107,1609,1609,0.3119950279676818
Organic Berry Blend,751,1090,1090,0.3110091743119266
Organic Orange Bell Pepper,1051,1525,1525,0.31081967213114753
Organic Diced Tomatoes,3490,5063,5063,0.3106853644084535
Organic Honey Nut O's Cereal,699,1014,1014,0.3106508875739645
Organic Chicken Thighs,950,1377,1377,0.3100944081336238
Organic Chicken Bone Broth,1088,1574,1574,0.3087674714104193
Organic Acai Berry Smoothie Packs,701,1012,1012,0.3073122529644269
Organic Strawberry Fruit Spread,1423,2054,2054,0.30720545277507305
Organic Marinara Pasta Sauce,810,1166,1166,0.3053173241852487
Organic Bunch Beets,1750,2518,2518,0.3050039714058777
Organic Mung-Bean Sprouts,463,666,666,0.3048048048048048
Organic Cut Green Beans,876,1260,1260,0.3047619047619048
Organic Basil,3501,5035,5035,0.30466732869910623
Organic English Cucumber,1027,1476,1476,0.30420054200542007
Organic Garbanzo Beans No Salt Added,545,783,783,0.30395913154533843
Organic Cane Sugar,928,1333,1333,0.3038259564891223
Organic Sliced Peaches,1121,1610,1610,0.30372670807453417
Organic Light Agave Nectar,516,740,740,0.3027027027027027
Organic Spicy Taco Seasoning,542,777,777,0.30244530244530243
"Organic Butterhead (Boston, Butter, Bibb) Lettuce",1513,2169,2169,0.3024435223605348
Organic Chicken & Wild Rice Soup,402,575,575,0.3008695652173913
Organic Celery Hearts,3008,4300,4300,0.30046511627906974
Organic Red Bartlett Pear,625,893,893,0.30011198208286677
Organic Lite Coconut Milk,1155,1650,1650,0.3
Organic Coconut Milk,3627,5179,5179,0.2996717513033404
Organic Kosher Dill Pickles,594,848,848,0.29952830188679247
Organic No Salt Added Diced Tomatoes,1477,2106,2106,0.298670465337132
Organic Vanilla Bean Ice Cream,691,985,985,0.2984771573604061
Organic Free Range Low Sodium Chicken Broth,1195,1703,1703,0.2982971227246036
Organic Mint,2136,3042,3042,0.2978303747534517
Organic Fire Roasted Corn,380,541,541,0.2975970425138632
Organic Rainbow Carrots,1972,2806,2806,0.2972202423378475
Organic Low Sodium Chicken Cooking Stock,1006,1431,1431,0.296995108315863
Organic Sugar Snap Peas,757,1076,1076,0.29646840148698883
Organic Vegetable Broth,1736,2467,2467,0.2963113092825294
Organic Large White Flesh Peach,380,540,540,0.2962962962962963
Organic Low Sodium Chicken Broth,2766,3927,3927,0.29564553093964857
Organic Leek,2397,3399,3399,0.294792586054722
Organic Spaghetti Pasta,697,988,988,0.29453441295546556
Organic Ginger Root,6185,8758,8758,0.2937885361954784
Organic Chopped Spinach,1419,2008,2008,0.29332669322709165
Organic Green Cabbage,2557,3615,3615,0.2926694329183956
Citrus Mandarins Organic,1061,1499,1499,0.2921947965310207
Organic Free Range Chicken Broth,1948,2750,2750,0.29163636363636364
Organic Pinto Beans,1310,1843,1843,0.2892023874118285
Organic Unsalted Butter,2460,3458,3458,0.28860613071139385
Organic Whole Wheat Fusilli,903,1267,1267,0.287292817679558
Organic Fresh Basil,1271,1780,1780,0.2859550561797753
Organic Bagged Valencia Oranges,435,609,609,0.2857142857142857
Organic Chicken Noodle Soup,1202,1681,1681,0.28494943486020224
Organic Capellini,373,520,520,0.2826923076923077
Organic Chicken Broth,1815,2530,2530,0.2826086956521739
Organic Spaghetti Squash,2071,2883,2883,0.2816510579257718
Organic Cherry Tomatoes,807,1123,1123,0.28138913624220835
Organic Whole Kernel Sweet Corn No Salt Added,1936,2693,2693,0.2810991459339027
Organic Russet Potato Bag,708,981,981,0.2782874617737003
Organic Tomato Sauce,2290,3173,3173,0.27828553419476837
Organic Whole Peeled Tomatoes,894,1231,1231,0.2737611697806661
Organic Peeled Garlic,489,672,672,0.27232142857142855
Organic Old Fashioned Rolled Oats,2455,3368,3368,0.27108076009501186
Organic Red Cabbage,1830,2509,2509,0.27062574730968514
Organic Quinoa,480,658,658,0.270516717325228
Organic Cashew Carrot Ginger Soup,376,515,515,0.26990291262135924
Organic Biologique Limes,555,760,760,0.26973684210526316
Organic Large Green Asparagus,1841,2521,2521,0.2697342324474415
Vegetarian Organic Golden Corn,383,523,523,0.2676864244741874
Organic Traditional Gluten Freen Quinoa,367,500,500,0.266
Organic Broccoli Crown,740,1008,1008,0.26587301587301587
"Organic Tomato Paste, No Salt Added",397,540,540,0.26481481481481484
Organic Red Potato,1082,1471,1471,0.26444595513256286
Organic Cannellini Beans,1112,1509,1509,0.26308813783962887
Organic Brussels Sprouts,385,522,522,0.2624521072796935
Organic Crushed Fire Roasted Tomatoes,1114,1510,1510,0.26225165562913905
Unsweetened Organic Coconut Milk,527,714,714,0.2619047619047619
Organic Popcorn,408,552,552,0.2608695652173913
Organic Italian Herb Pasta Sauce,663,896,896,0.26004464285714285
Bag Of Organic Lemons,410,553,553,0.2585895117540687
Organic Tomato Basil Sauce,907,1223,1223,0.2583810302534751
Organic Black Plum,514,693,693,0.2582972582972583
Organic Hot House Tomato,1031,1389,1389,0.257739380849532
Organic Low Sodium Vegetable Broth,1540,2070,2070,0.2560386473429952
Organic Sweet Onion,553,743,743,0.2557200538358008
Bunny-Luv Fresh Organic Carrots,1464,1966,1966,0.25534079348931843
Organic Tomato Basil Soup,401,538,538,0.25464684014869887
Organic Apple Chicken Sausage,438,587,587,0.25383304940374785
Organic Butternut Squash,2706,3610,3610,0.25041551246537397
Organic White Basmati Rice,501,668,668,0.25
Organic Mint Bunch,418,557,557,0.2495511669658887
Organic Cream Cheese Bar,1310,1742,1742,0.24799081515499427
Organic Unsalted Diced Tomatoes,468,622,622,0.24758842443729903
Organic Dill,1936,2573,2573,0.24757092887679752
Organic Short Grain Brown Rice,1230,1629,1629,0.24493554327808473
Organic Cherries,527,697,697,0.24390243902439024
Organic Honey Mustard,484,636,636,0.2389937106918239
Potato Yukon Gold Organic,1697,2229,2229,0.23867205024674742
Organic Creamy Butternut Squash Soup,387,507,507,0.23668639053254437
Organic Yukon Gold Potato,517,676,676,0.23520710059171598
Organic Tomato Paste,2997,3911,3911,0.23369982101764256
Organic Spaghetti,461,600,600,0.23166666666666666
Organic Mountain Forest Amber Honey,1107,1435,1435,0.22857142857142856
Organic Great Northern Beans,552,715,715,0.22797202797202798
"Olives, Organic, Kalamata, Pitted",510,660,660,0.22727272727272727
Organic Celery Bunch,452,584,584,0.22602739726027396
Organic Red Potatoes,1199,1534,1534,0.2183833116036506
Organic Acorn Squash,523,669,669,0.21823617339312407
Organic Orzo,772,986,986,0.21703853955375255
Organic Ketchup,2419,3081,3081,0.21486530347289842
Organic Premium Tomato Paste,742,943,943,0.21314952279957583
Organic Thyme,2927,3716,3716,0.21232508073196987
Organic Rosemary,1628,2057,2057,0.20855614973262032
Organic Red Lentils,1071,1341,1341,0.20134228187919462
Organic Brussel Sprouts,459,572,572,0.19755244755244755
Organic Fettuccine,439,547,547,0.19744058500914077
Organic Mayonnaise,1347,1678,1678,0.19725864123957093
Organic Long Grain White Rice,1368,1701,1701,0.19576719576719576
Organic Long Grain Brown Rice,760,942,942,0.1932059447983015
Organic Chopped Garlic,586,725,725,0.1917241379310345
Chopped Organic Garlic,762,942,942,0.1910828025477707
Organic Chives,756,934,934,0.1905781584582441
Organic Green Lentils,962,1185,1185,0.1881856540084388
Organic Parsley,451,554,554,0.18592057761732853
Organic Distilled White Vinegar,1355,1653,1653,0.18027828191167575
"Chicken Base, Organic",528,643,643,0.17884914463452567
Organic Simply Stock Unsalted Chicken Stock,619,751,751,0.17576564580559254
Organic Crushed Tomatoes with Basil,545,661,661,0.17549167927382753
Organic Beef Broth,1358,1638,1638,0.17094017094017094
Organic Cream of Mushroom Condensed Soup,459,551,551,0.16696914700544466
Organic Raw Unfiltered Apple Cider Vinegar,1739,2074,2074,0.16152362584378013
Organic Yellow Zucchini,431,513,513,0.15984405458089668
Organic Unbleached All-Purpose Flour,1227,1455,1455,0.15670103092783505
Organic Coconut Oil,533,631,631,0.15530903328050713
Organic Tahini,1234,1429,1429,0.1364590622813156
Organic Sage,883,1022,1022,0.1360078277886497
Organic Yellow Mustard,1118,1290,1290,0.13333333333333333
Organic Balsamic Vinegar Of Modena,839,962,962,0.12785862785862787
Organic Dijon Mustard,2006,2296,2296,0.12630662020905922
Organic Canola Oil,568,646,646,0.12074303405572756
Organic Refined Coconut Oil,690,784,784,0.11989795918367346
Organic Shredded Unsweetened Coconut,764,865,865,0.11676300578034682
Organic Ground Black Pepper,467,511,511,0.08610567514677103
Organic Vanilla Extract,1647,1797,1797,0.08347245409015025
Organic Powdered Sugar,623,673,673,0.07429420505200594
Organic Oregano,610,654,654,0.0672782874617737
Organic Garlic Powder,525,560,560,0.0625
Organic Ground Cumin,729,766,766,0.048302872062663184
Organic Turmeric,605,627,627,0.03508771929824561
